LastName,Name1,Name2,Name3,Name4,Abbrev1,Abbrev2,Abbrev3
Prado,Jefferson,,,,J,,
Sylvestre,Lana,da,Silva,,L,S,
Labiak ,Paulo,Henrique,,,P,H,
Windisch,Paulo,Gunter,,,P,G,
Salino,Alexandre ,,,,A,,
Barros,Iva,Carneiro,Leão,,I,C,L
Barros,Iva,Carneiro,Leao,,I,C,L
Hirai,Regina,Yoshie ,,,R,Y,
Almeida,Thaís ,Elias ,,,T,E,
Almeida,Thais,Elias ,,,T,E,
Santiago ,Augusto ,César ,Pessôa ,,A,C,P
Santiago ,Augusto ,Cesar ,Pessoa ,,A,C,P
Kieling-Rubio,Maria,Angélica ,,,M,A,
Kieling-Rubio,Maria,Angelica ,,,M,A,
Pereira,Anna ,Flora ,de,Novaes ,A,F,N
Øllgaard,Benjamin ,,,,B,,
Ollgaard,Benjamin ,,,,B,,
Ramos,Carla ,Gabriela ,Vargas ,,C,G,V
Mickel,John ,Thomas ,,,J,T,
Dittrich,Vinícius ,Antônio ,de,Oliveira ,V,A,O
Dittrich,Vinícius ,Antonio ,de,Oliveira ,V,A,O
Mynssen,Claudine ,Massi ,,,C,M,
Schwartsburd,Pedro ,Bond ,,,P,B,
Condack,João ,Paulo ,Santos ,,J,P,S
Condack,Joao ,Paulo ,Santos ,,J,P,S
Pereira,Jovani ,Bernardino ,de,Souza ,J,B,S
Matos,Fernando ,Bittencourt ,de ,,F,B,
